{
  "classes": [
    {
      "type_name": "音乐",
      "type_id": "音乐"
    },   
    {
      "type_name": "搞笑",
      "type_id": "搞笑"
    },
    {
      "type_name": "鬼畜",
      "type_id": "鬼畜"
    },
	{
      "type_name": "真人秀",
      "type_id": "真人秀"
    },{
      "type_name": "小姐姐",
      "type_id": "小姐姐超清"
    },
    {
      "type_name": "舞蹈",
      "type_id": "性感舞蹈超清"
    },
     {
      "type_name": "车模",
      "type_id": "性感车模"
    },
		{
      "type_name": "挑战",
      "type_id": "挑战"
    },
    {
      "type_name": "露营",
      "type_id": "露营"
    },
    {
      "type_name": "蹦极",
      "type_id": "蹦极"
    },
	{
      "type_name": "野外求生",
      "type_id": "野外求生"
    }
	],
	
	"filter": {
    "音乐": [
      {
        "key": "duration",
        "name": "时长",
        "value": [
          {
            "n": "全部",
            "v": "0"
          },
          {
            "n": "60分钟以上",
            "v": "4"
          },
          {
            "n": "30~60分钟",
            "v": "3"
          },
          {
            "n": "10~30分钟",
            "v": "2"
          },
          {
            "n": "10分钟以下",
            "v": "1"
          }
        ]
      }
    ],    
    "搞笑": [
      {
        "key": "duration",
        "name": "时长",
        "value": [
          {
            "n": "全部",
            "v": "0"
          },
          {
            "n": "60分钟以上",
            "v": "4"
          },
          {
            "n": "30~60分钟",
            "v": "3"
          },
          {
            "n": "10~30分钟",
            "v": "2"
          },
          {
            "n": "10分钟以下",
            "v": "1"
          }
        ]
      }
    ],
    "鬼畜": [
      {
        "key": "duration",
        "name": "时长",
        "value": [
          {
            "n": "全部",
            "v": "0"
          },
          {
            "n": "60分钟以上",
            "v": "4"
          },
          {
            "n": "30~60分钟",
            "v": "3"
          },
          {
            "n": "10~30分钟",
            "v": "2"
          },
          {
            "n": "10分钟以下",
            "v": "1"
          }
        ]
      }
    ]
 }
}	