{
  "classes": [
   {
      "type_name": "百家讲坛",
      "type_id": "百家讲坛"
    },{
      "type_name": "纪录片",
      "type_id": "纪录片"
    },{
			"type_name":"说案",
			"type_id":"说案"
		},
		{
			"type_name":"演讲",
			"type_id":"演讲"
		},
		{
			"type_name":"解说",
			"type_id":"解说"
		},
	{
      "type_name": "Discovery探索频道",
      "type_id": "Discovery探索频道"
    },
	{
      "type_name": "电影解说",
      "type_id": "电影解说"
    },{
      "type_name": "相声小品",
      "type_id": "相声小品"
    }
	],
	"说案":[
			{
				"key":"order",
				"name":"排序",
				"value":[
					{
						"n":"综合排序",
						"v":"0"
					},
					{
						"n":"最多点击",
						"v":"click"
					},
					{
						"n":"最新发布",
						"v":"pubdate"
					},
					{
						"n":"最多弹幕",
						"v":"dm"
					},
					{
						"n":"最多收藏",
						"v":"stow"
					}
				]
			},
			{
				"key":"tid",
				"name":"分类",
				"value":[
					{
						"n":"全部",
						"v":"说案"
					},
					{
						"n":"汤圆",
						"v":"汤圆说案"
					},
					{
						"n":"唐唐",
						"v":"唐唐说案"
					},
					{
						"n":"罗翔",
						"v":"罗翔说刑法"
					},
					{
						"n":"何家弘",
						"v":"何家弘说案"
					},
					{
						"n":"韩诺",
						"v":"韩诺说案"
					},
					{
						"n":"老V",
						"v":"老V说案"
					},
					{
						"n":"禁播档案‼️",
						"v":"禁播档案"
					}
				]
			},
			{
				"key":"duration",
				"name":"时长",
				"value":[
					{
						"n":"全部",
						"v":"0"
					},
					{
						"n":"60分钟以上",
						"v":"4"
					},
					{
						"n":"30~60分钟",
						"v":"3"
					},
					{
						"n":"10~30分钟",
						"v":"2"
					},
					{
						"n":"10分钟以下",
						"v":"1"
					}
				]
			}
		],
		"演讲":[
			{
				"key":"order",
				"name":"排序",
				"value":[
					{
						"n":"综合排序",
						"v":"0"
					},
					{
						"n":"最多点击",
						"v":"click"
					},
					{
						"n":"最新发布",
						"v":"pubdate"
					},
					{
						"n":"最多弹幕",
						"v":"dm"
					},
					{
						"n":"最多收藏",
						"v":"stow"
					}
				]
			},
			{
				"key":"tid",
				"name":"分类",
				"value":[
					{
						"n":"全部",
						"v":"全部演讲"
					},
					{
						"n":"A艾跃进",
						"v":"艾跃进演讲"
					},
					{
						"n":"C超级演说家",
						"v":"超级演说家名场面"
					},
					{
						"n":"D电影",
						"v":"电影演讲"
					},
					{
						"n":"D典籍里的中国",
						"v":"典籍里的中国"
					},
					{
						"n":"G郭继承",
						"v":"郭继承"
					},
					{
						"n":"H华春莹",
						"v":"华春莹演讲"
					},
					{
						"n":"L雷军",
						"v":"雷军演讲"
					},
					{
						"n":"L罗翔",
						"v":"罗翔演讲"
					},
					{
						"n":"R任正非",
						"v":"任正非演讲"
					},
					{
						"n":"TED",
						"v":"TED演讲"
					},
					{
						"n":"W汪文斌",
						"v":"汪文斌演讲"
					},
					{
						"n":"Y一刻",
						"v":"一刻talks"
					},
					{
						"n":"Z赵立坚",
						"v":"赵立坚演讲"
					},
					{
						"n":"Z郑强",
						"v":"郑强演讲"
					}
				]
			},
			{
				"key":"duration",
				"name":"时长",
				"value":[
					{
						"n":"全部",
						"v":"0"
					},
					{
						"n":"60分钟以上",
						"v":"4"
					},
					{
						"n":"30~60分钟",
						"v":"3"
					},
					{
						"n":"10~30分钟",
						"v":"2"
					},
					{
						"n":"10分钟以下",
						"v":"1"
					}
				]
			}
		],
		"解说":[
			{
				"key":"order",
				"name":"排序",
				"value":[
					{
						"n":"综合排序",
						"v":"0"
					},
					{
						"n":"最多点击",
						"v":"click"
					},
					{
						"n":"最新发布",
						"v":"pubdate"
					},
					{
						"n":"最多弹幕",
						"v":"dm"
					},
					{
						"n":"最多收藏",
						"v":"stow"
					}
				]
			},
			{
				"key":"tid",
				"name":"分类",
				"value":[
					{
						"n":"全部",
						"v":"解说"
					},
					{
						"n":"电影",
						"v":"电影解说"
					},
					{
						"n":"电视",
						"v":"电视解说"
					},
					{
						"n":"历史",
						"v":"历史解说"
					},
					{
						"n":"动漫",
						"v":"动漫解说"
					},
					{
						"n":"歌词",
						"v":"歌词解读"
					},
					{
						"n":"小说",
						"v":"小说解读"
					},
					{
						"n":"纪录片",
						"v":"纪录片解说"
					}
				]
			},
			{
				"key":"duration",
				"name":"时长",
				"value":[
					{
						"n":"全部",
						"v":"0"
					},
					{
						"n":"60分钟以上",
						"v":"4"
					},
					{
						"n":"30~60分钟",
						"v":"3"
					},
					{
						"n":"10~30分钟",
						"v":"2"
					},
					{
						"n":"10分钟以下",
						"v":"1"
					}
				]
			}
		],
		"相声小品": [
      {
        "key": "tid",
        "name": "分类",
        "value": [
          {
            "n": "全部",
            "v": "相声小品"
          },
          {
            "n": "单口相声",
            "v": "单口相声"
          },
          {
            "n": "群口相声",
            "v": "群口相声"
          },
          {
            "n": "德云社",
            "v": "德云社"
          },
          {
            "n": "青曲社",
            "v": "青曲社"
          },
          {
            "n": "郭德纲",
            "v": "郭德纲"
          },
          {
            "n": "岳云鹏",
            "v": "岳云鹏"
          },
          {
            "n": "曹云金",
            "v": "曹云金"
          },
          {
            "n": "评书",
            "v": "评书"
          },
          {
            "n": "小曲",
            "v": "小曲"
          },
          {
            "n": "二人转",
            "v": "二人转"
          },
          {
            "n": "春晚小品",
            "v": "春晚小品"
          },
          {
            "n": "赵本山",
            "v": "赵本山"
          },
          {
            "n": "陈佩斯",
            "v": "陈佩斯"
          },
          {
            "n": "冯巩",
            "v": "冯巩"
          },
          {
            "n": "宋小宝",
            "v": "宋小宝"
          },
          {
            "n": "赵丽蓉",
            "v": "赵丽蓉"
          },
          {
            "n": "郭达",
            "v": "郭达"
          },
          {
            "n": "潘长江",
            "v": "潘长江"
          },
          {
            "n": "郭冬临",
            "v": "郭冬临"
          },
          {
            "n": "严顺开",
            "v": "严顺开"
          },
          {
            "n": "文松",
            "v": "文松"
          },
          {
            "n": "开心麻花",
            "v": "开心麻花"
          },
          {
            "n": "屌丝男士",
            "v": "屌丝男士"
          },
          {
            "n": "喜剧综艺",
            "v": "喜剧综艺"
          }
        ]
      },
      {
        "key": "duration",
        "name": "时长",
        "value": [
          {
            "n": "全部",
            "v": "0"
          },
          {
            "n": "60分钟以上",
            "v": "4"
          },
          {
            "n": "30~60分钟",
            "v": "3"
          },
          {
            "n": "10~30分钟",
            "v": "2"
          },
          {
            "n": "10分钟以下",
            "v": "1"
          }
        ]
      }
    ]
 }
}	