{
  "classes": [
    {
			"type_name":"📕苏教版",
			"type_id":"苏教版课程"
		},
		{
			"type_name":"📗人教版",
			"type_id":"人教版课程"
		},
		{
			"type_name":"📘沪教版",
			"type_id":"沪教版课程"
		},
		{
			"type_name":"📚北师大版",
			"type_id":"北师大版课程"
		},
		{ "type_name": "学而思",
		  "type_id": "学而思" 
		}, 
    {      "type_name": "新概念英语",      "type_id": "新概念英语动画视频" },
	{      "type_name": "英语启蒙",       "type_id": "英语启蒙动画"        }
	],
	"filter": {
     "苏教版课程":[
			{
				"key":"order",
				"name":"排序",
				"value":[
					{
						"n":"综合排序",
						"v":"0"
					},
					{
						"n":"最多点击",
						"v":"click"
					},
					{
						"n":"最新发布",
						"v":"pubdate"
					},
					{
						"n":"最多弹幕",
						"v":"dm"
					},
					{
						"n":"最多收藏",
						"v":"stow"
					}
				]
			},
			{
				"key":"tid",
				"name":"年级科目",
				"value":[
					{
						"n":"1年级语文",
						"v":"苏教版1年级语文"
					},
					{
						"n":"1年级数学",
						"v":"苏教版1年级数学"
					},
					{
						"n":"1年级英语",
						"v":"苏教版1年级英语"
					},
					{
						"n":"2年级语文",
						"v":"苏教版2年级语文"
					},
					{
						"n":"2年级数学",
						"v":"苏教版2年级数学"
					},
					{
						"n":"2年级英语",
						"v":"苏教版2年级英语"
					},
					{
						"n":"3年级语文",
						"v":"苏教版3年级语文"
					},
					{
						"n":"3年级数学",
						"v":"苏教版3年级数学"
					},
					{
						"n":"3年级英语",
						"v":"苏教版3年级英语"
					},
					{
						"n":"4年级语文",
						"v":"苏教版4年级语文"
					},
					{
						"n":"4年级数学",
						"v":"苏教版4年级数学"
					},
					{
						"n":"4年级英语",
						"v":"苏教版4年级英语"
					},
					{
						"n":"5年级语文",
						"v":"苏教版5年级语文"
					},
					{
						"n":"5年级数学",
						"v":"苏教版5年级数学"
					},
					{
						"n":"5年级英语",
						"v":"苏教版5年级英语"
					},
					{
						"n":"6年级语文",
						"v":"苏教版6年级语文"
					},
					{
						"n":"6年级数学",
						"v":"苏教版6年级数学"
					},
					{
						"n":"6年级英语",
						"v":"苏教版6年级英语"
					},
					{
						"n":"7年级语文",
						"v":"苏教版7年级语文"
					},
					{
						"n":"7年级数学",
						"v":"苏教版7年级数学"
					},
					{
						"n":"7年级英语",
						"v":"苏教版7年级英语"
					},
					{
						"n":"7年级历史",
						"v":"苏教版7年级历史"
					},
					{
						"n":"7年级地理",
						"v":"苏教版7年级地理"
					},
					{
						"n":"7年级生物",
						"v":"苏教版7年级生物"
					},
					{
						"n":"7年级物理",
						"v":"苏教版7年级物理"
					},
					{
						"n":"7年级化学",
						"v":"苏教版7年级化学"
					},
					{
						"n":"8年级语文",
						"v":"苏教版8年级语文"
					},
					{
						"n":"8年级数学",
						"v":"苏教版8年级数学"
					},
					{
						"n":"8年级英语",
						"v":"苏教版8年级英语"
					},
					{
						"n":"8年级历史",
						"v":"苏教版8年级历史"
					},
					{
						"n":"8年级地理",
						"v":"苏教版8年级地理"
					},
					{
						"n":"8年级生物",
						"v":"苏教版8年级生物"
					},
					{
						"n":"8年级物理",
						"v":"苏教版8年级物理"
					},
					{
						"n":"8年级化学",
						"v":"苏教版8年级化学"
					},
					{
						"n":"9年级语文",
						"v":"苏教版9年级语文"
					},
					{
						"n":"9年级数学",
						"v":"苏教版9年级数学"
					},
					{
						"n":"9年级英语",
						"v":"苏教版9年级英语"
					},
					{
						"n":"9年级历史",
						"v":"苏教版9年级历史"
					},
					{
						"n":"9年级地理",
						"v":"苏教版9年级地理"
					},
					{
						"n":"9年级生物",
						"v":"苏教版9年级生物"
					},
					{
						"n":"9年级物理",
						"v":"苏教版9年级物理"
					},
					{
						"n":"9年级化学",
						"v":"苏教版9年级化学"
					},
					{
						"n":"高一语文",
						"v":"苏教版高一语文"
					},
					{
						"n":"高一数学",
						"v":"苏教版高一数学"
					},
					{
						"n":"高一英语",
						"v":"苏教版高一英语"
					},
					{
						"n":"高一思想政治",
						"v":"苏教版高一思想政治"
					},
					{
						"n":"高一历史",
						"v":"苏教版高一历史"
					},
					{
						"n":"高一地理",
						"v":"苏教版高一地理"
					},
					{
						"n":"高一生物",
						"v":"苏教版高一生物"
					},
					{
						"n":"高一物理",
						"v":"苏教版高一物理"
					},
					{
						"n":"高一化学",
						"v":"苏教版高一化学"
					},
					{
						"n":"高二语文",
						"v":"苏教版高二语文"
					},
					{
						"n":"高二数学",
						"v":"苏教版高二数学"
					},
					{
						"n":"高二英语",
						"v":"苏教版高二英语"
					},
					{
						"n":"高二思想政治",
						"v":"苏教版高二思想政治"
					},
					{
						"n":"高二历史",
						"v":"苏教版高二历史"
					},
					{
						"n":"高二地理",
						"v":"苏教版高二地理"
					},
					{
						"n":"高二生物",
						"v":"苏教版高二生物"
					},
					{
						"n":"高二物理",
						"v":"苏教版高二物理"
					},
					{
						"n":"高二化学",
						"v":"苏教版高二化学"
					},
					{
						"n":"高三语文",
						"v":"苏教版高三语文"
					},
					{
						"n":"高三数学",
						"v":"苏教版高三数学"
					},
					{
						"n":"高三英语",
						"v":"苏教版高三英语"
					},
					{
						"n":"高三思想政治",
						"v":"苏教版高三思想政治"
					},
					{
						"n":"高三历史",
						"v":"苏教版高三历史"
					},
					{
						"n":"高三地理",
						"v":"苏教版高三地理"
					},
					{
						"n":"高三生物",
						"v":"苏教版高三生物"
					},
					{
						"n":"高三物理",
						"v":"苏教版高三物理"
					},
					{
						"n":"高三化学",
						"v":"苏教版高三化学"
					}
				]
			},
			{
				"key":"duration",
				"name":"时长",
				"value":[
					{
						"n":"全部",
						"v":"0"
					},
					{
						"n":"60分钟以上",
						"v":"4"
					},
					{
						"n":"30~60分钟",
						"v":"3"
					},
					{
						"n":"10~30分钟",
						"v":"2"
					},
					{
						"n":"10分钟以下",
						"v":"1"
					}
				]
			}
		],
		"人教版课程":[
			{
				"key":"order",
				"name":"排序",
				"value":[
					{
						"n":"综合排序",
						"v":"0"
					},
					{
						"n":"最多点击",
						"v":"click"
					},
					{
						"n":"最新发布",
						"v":"pubdate"
					},
					{
						"n":"最多弹幕",
						"v":"dm"
					},
					{
						"n":"最多收藏",
						"v":"stow"
					}
				]
			},
			{
				"key":"tid",
				"name":"年级科目",
				"value":[
					{
						"n":"1年级语文",
						"v":"人教版1年级语文"
					},
					{
						"n":"1年级数学",
						"v":"人教版1年级数学"
					},
					{
						"n":"1年级英语",
						"v":"人教版1年级英语"
					},
					{
						"n":"2年级语文",
						"v":"人教版2年级语文"
					},
					{
						"n":"2年级数学",
						"v":"人教版2年级数学"
					},
					{
						"n":"2年级英语",
						"v":"人教版2年级英语"
					},
					{
						"n":"3年级语文",
						"v":"人教版3年级语文"
					},
					{
						"n":"3年级数学",
						"v":"人教版3年级数学"
					},
					{
						"n":"3年级英语",
						"v":"人教版3年级英语"
					},
					{
						"n":"4年级语文",
						"v":"人教版4年级语文"
					},
					{
						"n":"4年级数学",
						"v":"人教版4年级数学"
					},
					{
						"n":"4年级英语",
						"v":"人教版4年级英语"
					},
					{
						"n":"5年级语文",
						"v":"人教版5年级语文"
					},
					{
						"n":"5年级数学",
						"v":"人教版5年级数学"
					},
					{
						"n":"5年级英语",
						"v":"人教版5年级英语"
					},
					{
						"n":"6年级语文",
						"v":"人教版6年级语文"
					},
					{
						"n":"6年级数学",
						"v":"人教版6年级数学"
					},
					{
						"n":"6年级英语",
						"v":"人教版6年级英语"
					},
					{
						"n":"7年级语文",
						"v":"人教版7年级语文"
					},
					{
						"n":"7年级数学",
						"v":"人教版7年级数学"
					},
					{
						"n":"7年级英语",
						"v":"人教版7年级英语"
					},
					{
						"n":"7年级历史",
						"v":"人教版7年级历史"
					},
					{
						"n":"7年级地理",
						"v":"人教版7年级地理"
					},
					{
						"n":"7年级生物",
						"v":"人教版7年级生物"
					},
					{
						"n":"7年级物理",
						"v":"人教版7年级物理"
					},
					{
						"n":"7年级化学",
						"v":"人教版7年级化学"
					},
					{
						"n":"8年级语文",
						"v":"人教版8年级语文"
					},
					{
						"n":"8年级数学",
						"v":"人教版8年级数学"
					},
					{
						"n":"8年级英语",
						"v":"人教版8年级英语"
					},
					{
						"n":"8年级历史",
						"v":"人教版8年级历史"
					},
					{
						"n":"8年级地理",
						"v":"人教版8年级地理"
					},
					{
						"n":"8年级生物",
						"v":"人教版8年级生物"
					},
					{
						"n":"8年级物理",
						"v":"人教版8年级物理"
					},
					{
						"n":"8年级化学",
						"v":"人教版8年级化学"
					},
					{
						"n":"9年级语文",
						"v":"人教版9年级语文"
					},
					{
						"n":"9年级数学",
						"v":"人教版9年级数学"
					},
					{
						"n":"9年级英语",
						"v":"人教版9年级英语"
					},
					{
						"n":"9年级历史",
						"v":"人教版9年级历史"
					},
					{
						"n":"9年级地理",
						"v":"人教版9年级地理"
					},
					{
						"n":"9年级生物",
						"v":"人教版9年级生物"
					},
					{
						"n":"9年级物理",
						"v":"人教版9年级物理"
					},
					{
						"n":"9年级化学",
						"v":"人教版9年级化学"
					},
					{
						"n":"高一语文",
						"v":"人教版高一语文"
					},
					{
						"n":"高一数学",
						"v":"人教版高一数学"
					},
					{
						"n":"高一英语",
						"v":"人教版高一英语"
					},
					{
						"n":"高一思想政治",
						"v":"人教版高一思想政治"
					},
					{
						"n":"高一历史",
						"v":"人教版高一历史"
					},
					{
						"n":"高一地理",
						"v":"人教版高一地理"
					},
					{
						"n":"高一生物",
						"v":"人教版高一生物"
					},
					{
						"n":"高一物理",
						"v":"人教版高一物理"
					},
					{
						"n":"高一化学",
						"v":"人教版高一化学"
					},
					{
						"n":"高二语文",
						"v":"人教版高二语文"
					},
					{
						"n":"高二数学",
						"v":"人教版高二数学"
					},
					{
						"n":"高二英语",
						"v":"人教版高二英语"
					},
					{
						"n":"高二思想政治",
						"v":"人教版高二思想政治"
					},
					{
						"n":"高二历史",
						"v":"人教版高二历史"
					},
					{
						"n":"高二地理",
						"v":"人教版高二地理"
					},
					{
						"n":"高二生物",
						"v":"人教版高二生物"
					},
					{
						"n":"高二物理",
						"v":"人教版高二物理"
					},
					{
						"n":"高二化学",
						"v":"人教版高二化学"
					},
					{
						"n":"高三语文",
						"v":"人教版高三语文"
					},
					{
						"n":"高三数学",
						"v":"人教版高三数学"
					},
					{
						"n":"高三英语",
						"v":"人教版高三英语"
					},
					{
						"n":"高三思想政治",
						"v":"人教版高三思想政治"
					},
					{
						"n":"高三历史",
						"v":"人教版高三历史"
					},
					{
						"n":"高三地理",
						"v":"人教版高三地理"
					},
					{
						"n":"高三生物",
						"v":"人教版高三生物"
					},
					{
						"n":"高三物理",
						"v":"人教版高三物理"
					},
					{
						"n":"高三化学",
						"v":"人教版高三化学"
					}
				]
			},
			{
				"key":"duration",
				"name":"时长",
				"value":[
					{
						"n":"全部",
						"v":"0"
					},
					{
						"n":"60分钟以上",
						"v":"4"
					},
					{
						"n":"30~60分钟",
						"v":"3"
					},
					{
						"n":"10~30分钟",
						"v":"2"
					},
					{
						"n":"10分钟以下",
						"v":"1"
					}
				]
			}
		],
		"沪教版课程":[
			{
				"key":"order",
				"name":"排序",
				"value":[
					{
						"n":"综合排序",
						"v":"0"
					},
					{
						"n":"最多点击",
						"v":"click"
					},
					{
						"n":"最新发布",
						"v":"pubdate"
					},
					{
						"n":"最多弹幕",
						"v":"dm"
					},
					{
						"n":"最多收藏",
						"v":"stow"
					}
				]
			},
			{
				"key":"tid",
				"name":"年级科目",
				"value":[
					{
						"n":"1年级语文",
						"v":"沪教版1年级语文"
					},
					{
						"n":"1年级数学",
						"v":"沪教版1年级数学"
					},
					{
						"n":"1年级英语",
						"v":"沪教版1年级英语"
					},
					{
						"n":"2年级语文",
						"v":"沪教版2年级语文"
					},
					{
						"n":"2年级数学",
						"v":"沪教版2年级数学"
					},
					{
						"n":"2年级英语",
						"v":"沪教版2年级英语"
					},
					{
						"n":"3年级语文",
						"v":"沪教版3年级语文"
					},
					{
						"n":"3年级数学",
						"v":"沪教版3年级数学"
					},
					{
						"n":"3年级英语",
						"v":"沪教版3年级英语"
					},
					{
						"n":"4年级语文",
						"v":"沪教版4年级语文"
					},
					{
						"n":"4年级数学",
						"v":"沪教版4年级数学"
					},
					{
						"n":"4年级英语",
						"v":"沪教版4年级英语"
					},
					{
						"n":"5年级语文",
						"v":"沪教版5年级语文"
					},
					{
						"n":"5年级数学",
						"v":"沪教版5年级数学"
					},
					{
						"n":"5年级英语",
						"v":"沪教版5年级英语"
					},
					{
						"n":"6年级语文",
						"v":"沪教版6年级语文"
					},
					{
						"n":"6年级数学",
						"v":"沪教版6年级数学"
					},
					{
						"n":"6年级英语",
						"v":"沪教版6年级英语"
					},
					{
						"n":"7年级语文",
						"v":"沪教版7年级语文"
					},
					{
						"n":"7年级数学",
						"v":"沪教版7年级数学"
					},
					{
						"n":"7年级英语",
						"v":"沪教版7年级英语"
					},
					{
						"n":"7年级历史",
						"v":"沪教版7年级历史"
					},
					{
						"n":"7年级地理",
						"v":"沪教版7年级地理"
					},
					{
						"n":"7年级生物",
						"v":"沪教版7年级生物"
					},
					{
						"n":"7年级物理",
						"v":"沪教版7年级物理"
					},
					{
						"n":"7年级化学",
						"v":"沪教版7年级化学"
					},
					{
						"n":"8年级语文",
						"v":"沪教版8年级语文"
					},
					{
						"n":"8年级数学",
						"v":"沪教版8年级数学"
					},
					{
						"n":"8年级英语",
						"v":"沪教版8年级英语"
					},
					{
						"n":"8年级历史",
						"v":"沪教版8年级历史"
					},
					{
						"n":"8年级地理",
						"v":"沪教版8年级地理"
					},
					{
						"n":"8年级生物",
						"v":"沪教版8年级生物"
					},
					{
						"n":"8年级物理",
						"v":"沪教版8年级物理"
					},
					{
						"n":"8年级化学",
						"v":"沪教版8年级化学"
					},
					{
						"n":"9年级语文",
						"v":"沪教版9年级语文"
					},
					{
						"n":"9年级数学",
						"v":"沪教版9年级数学"
					},
					{
						"n":"9年级英语",
						"v":"沪教版9年级英语"
					},
					{
						"n":"9年级历史",
						"v":"沪教版9年级历史"
					},
					{
						"n":"9年级地理",
						"v":"沪教版9年级地理"
					},
					{
						"n":"9年级生物",
						"v":"沪教版9年级生物"
					},
					{
						"n":"9年级物理",
						"v":"沪教版9年级物理"
					},
					{
						"n":"9年级化学",
						"v":"沪教版9年级化学"
					},
					{
						"n":"高一语文",
						"v":"沪教版高一语文"
					},
					{
						"n":"高一数学",
						"v":"沪教版高一数学"
					},
					{
						"n":"高一英语",
						"v":"沪教版高一英语"
					},
					{
						"n":"高一思想政治",
						"v":"沪教版高一思想政治"
					},
					{
						"n":"高一历史",
						"v":"沪教版高一历史"
					},
					{
						"n":"高一地理",
						"v":"沪教版高一地理"
					},
					{
						"n":"高一生物",
						"v":"沪教版高一生物"
					},
					{
						"n":"高一物理",
						"v":"沪教版高一物理"
					},
					{
						"n":"高一化学",
						"v":"沪教版高一化学"
					},
					{
						"n":"高二语文",
						"v":"沪教版高二语文"
					},
					{
						"n":"高二数学",
						"v":"沪教版高二数学"
					},
					{
						"n":"高二英语",
						"v":"沪教版高二英语"
					},
					{
						"n":"高二思想政治",
						"v":"沪教版高二思想政治"
					},
					{
						"n":"高二历史",
						"v":"沪教版高二历史"
					},
					{
						"n":"高二地理",
						"v":"沪教版高二地理"
					},
					{
						"n":"高二生物",
						"v":"沪教版高二生物"
					},
					{
						"n":"高二物理",
						"v":"沪教版高二物理"
					},
					{
						"n":"高二化学",
						"v":"沪教版高二化学"
					},
					{
						"n":"高三语文",
						"v":"沪教版高三语文"
					},
					{
						"n":"高三数学",
						"v":"沪教版高三数学"
					},
					{
						"n":"高三英语",
						"v":"沪教版高三英语"
					},
					{
						"n":"高三思想政治",
						"v":"沪教版高三思想政治"
					},
					{
						"n":"高三历史",
						"v":"沪教版高三历史"
					},
					{
						"n":"高三地理",
						"v":"沪教版高三地理"
					},
					{
						"n":"高三生物",
						"v":"沪教版高三生物"
					},
					{
						"n":"高三物理",
						"v":"沪教版高三物理"
					},
					{
						"n":"高三化学",
						"v":"沪教版高三化学"
					}
				]
			},
			{
				"key":"duration",
				"name":"时长",
				"value":[
					{
						"n":"全部",
						"v":"0"
					},
					{
						"n":"60分钟以上",
						"v":"4"
					},
					{
						"n":"30~60分钟",
						"v":"3"
					},
					{
						"n":"10~30分钟",
						"v":"2"
					},
					{
						"n":"10分钟以下",
						"v":"1"
					}
				]
			}
		],
		"北师大版课程":[
			{
				"key":"order",
				"name":"排序",
				"value":[
					{
						"n":"综合排序",
						"v":"0"
					},
					{
						"n":"最多点击",
						"v":"click"
					},
					{
						"n":"最新发布",
						"v":"pubdate"
					},
					{
						"n":"最多弹幕",
						"v":"dm"
					},
					{
						"n":"最多收藏",
						"v":"stow"
					}
				]
			},
			{
				"key":"tid",
				"name":"年级科目",
				"value":[
					{
						"n":"1年级语文",
						"v":"北师大版1年级语文"
					},
					{
						"n":"1年级数学",
						"v":"北师大版1年级数学"
					},
					{
						"n":"1年级英语",
						"v":"北师大版1年级英语"
					},
					{
						"n":"2年级语文",
						"v":"北师大版2年级语文"
					},
					{
						"n":"2年级数学",
						"v":"北师大版2年级数学"
					},
					{
						"n":"2年级英语",
						"v":"北师大版2年级英语"
					},
					{
						"n":"3年级语文",
						"v":"北师大版3年级语文"
					},
					{
						"n":"3年级数学",
						"v":"北师大版3年级数学"
					},
					{
						"n":"3年级英语",
						"v":"北师大版3年级英语"
					},
					{
						"n":"4年级语文",
						"v":"北师大版4年级语文"
					},
					{
						"n":"4年级数学",
						"v":"北师大版4年级数学"
					},
					{
						"n":"4年级英语",
						"v":"北师大版4年级英语"
					},
					{
						"n":"5年级语文",
						"v":"北师大版5年级语文"
					},
					{
						"n":"5年级数学",
						"v":"北师大版5年级数学"
					},
					{
						"n":"5年级英语",
						"v":"北师大版5年级英语"
					},
					{
						"n":"6年级语文",
						"v":"北师大版6年级语文"
					},
					{
						"n":"6年级数学",
						"v":"北师大版6年级数学"
					},
					{
						"n":"6年级英语",
						"v":"北师大版6年级英语"
					},
					{
						"n":"7年级语文",
						"v":"北师大版7年级语文"
					},
					{
						"n":"7年级数学",
						"v":"北师大版7年级数学"
					},
					{
						"n":"7年级英语",
						"v":"北师大版7年级英语"
					},
					{
						"n":"7年级历史",
						"v":"北师大版7年级历史"
					},
					{
						"n":"7年级地理",
						"v":"北师大版7年级地理"
					},
					{
						"n":"7年级生物",
						"v":"北师大版7年级生物"
					},
					{
						"n":"7年级物理",
						"v":"北师大版7年级物理"
					},
					{
						"n":"7年级化学",
						"v":"北师大版7年级化学"
					},
					{
						"n":"8年级语文",
						"v":"北师大版8年级语文"
					},
					{
						"n":"8年级数学",
						"v":"北师大版8年级数学"
					},
					{
						"n":"8年级英语",
						"v":"北师大版8年级英语"
					},
					{
						"n":"8年级历史",
						"v":"北师大版8年级历史"
					},
					{
						"n":"8年级地理",
						"v":"北师大版8年级地理"
					},
					{
						"n":"8年级生物",
						"v":"北师大版8年级生物"
					},
					{
						"n":"8年级物理",
						"v":"北师大版8年级物理"
					},
					{
						"n":"8年级化学",
						"v":"北师大版8年级化学"
					},
					{
						"n":"9年级语文",
						"v":"北师大版9年级语文"
					},
					{
						"n":"9年级数学",
						"v":"北师大版9年级数学"
					},
					{
						"n":"9年级英语",
						"v":"北师大版9年级英语"
					},
					{
						"n":"9年级历史",
						"v":"北师大版9年级历史"
					},
					{
						"n":"9年级地理",
						"v":"北师大版9年级地理"
					},
					{
						"n":"9年级生物",
						"v":"北师大版9年级生物"
					},
					{
						"n":"9年级物理",
						"v":"北师大版9年级物理"
					},
					{
						"n":"9年级化学",
						"v":"北师大版9年级化学"
					},
					{
						"n":"高一语文",
						"v":"北师大版高一语文"
					},
					{
						"n":"高一数学",
						"v":"北师大版高一数学"
					},
					{
						"n":"高一英语",
						"v":"北师大版高一英语"
					},
					{
						"n":"高一思想政治",
						"v":"北师大版高一思想政治"
					},
					{
						"n":"高一历史",
						"v":"北师大版高一历史"
					},
					{
						"n":"高一地理",
						"v":"北师大版高一地理"
					},
					{
						"n":"高一生物",
						"v":"北师大版高一生物"
					},
					{
						"n":"高一物理",
						"v":"北师大版高一物理"
					},
					{
						"n":"高一化学",
						"v":"北师大版高一化学"
					},
					{
						"n":"高二语文",
						"v":"北师大版高二语文"
					},
					{
						"n":"高二数学",
						"v":"北师大版高二数学"
					},
					{
						"n":"高二英语",
						"v":"北师大版高二英语"
					},
					{
						"n":"高二思想政治",
						"v":"北师大版高二思想政治"
					},
					{
						"n":"高二历史",
						"v":"北师大版高二历史"
					},
					{
						"n":"高二地理",
						"v":"北师大版高二地理"
					},
					{
						"n":"高二生物",
						"v":"北师大版高二生物"
					},
					{
						"n":"高二物理",
						"v":"北师大版高二物理"
					},
					{
						"n":"高二化学",
						"v":"北师大版高二化学"
					},
					{
						"n":"高三语文",
						"v":"北师大版高三语文"
					},
					{
						"n":"高三数学",
						"v":"北师大版高三数学"
					},
					{
						"n":"高三英语",
						"v":"北师大版高三英语"
					},
					{
						"n":"高三思想政治",
						"v":"北师大版高三思想政治"
					},
					{
						"n":"高三历史",
						"v":"北师大版高三历史"
					},
					{
						"n":"高三地理",
						"v":"北师大版高三地理"
					},
					{
						"n":"高三生物",
						"v":"北师大版高三生物"
					},
					{
						"n":"高三物理",
						"v":"北师大版高三物理"
					},
					{
						"n":"高三化学",
						"v":"北师大版高三化学"
					}
				]
			},
			{
				"key":"duration",
				"name":"时长",
				"value":[
					{
						"n":"全部",
						"v":"0"
					},
					{
						"n":"60分钟以上",
						"v":"4"
					},
					{
						"n":"30~60分钟",
						"v":"3"
					},
					{
						"n":"10~30分钟",
						"v":"2"
					},
					{
						"n":"10分钟以下",
						"v":"1"
					}
				 ]
      }
    ]
  }
}
